month,dew_point_f_avg,humidity_%_avg,sea_level_press_in_avg,temp_f_avg,visibility_mi_avg,wind_mph_avg
apr,47.1,67.5,30.024666666666658,61.03333333333333,8.9,7.733333333333333
feb,48.32142857142857,78.85714285714286,30.038214285714286,56.107142857142854,7.857142857142857,6.0
jan,43.67741935483871,73.29032258064517,30.070967741935483,53.29032258064516,8.67741935483871,5.193548387096774
mar,47.516129032258064,67.70967741935483,30.09032258064516,61.16129032258065,8.806451612903226,6.354838709677419
may,49.806451612903224,71.7741935483871,29.947741935483865,62.16129032258065,9.0,6.451612903225806
